id,category,color,label_text,name,shape
39b773da-cd75-4ee2-9b02-cf0538e449ad,cosmetics,#938b85,"head &
shoulders
anti-schuppen shampoo
shampooing antipelliculaire
daily protect
mit anti-mikrobiellem* effekt
bis zu 100% schuppen-schutz**
klinisch bestätigt",head & shoulders Anti-Schuppen Shampoo Daily Protect,"POLYGON((0.27476983506608305 -0.9420292904232624, 0.11556668728852798 -1, -0.07565013694429631 -1, -0.14659936584516323 -0.9870214829305811, -0.2781150096614043 -0.690246059276537, -0.3369509555791964 -0.44105853154369523, -0.3706951010320477 -0.18494912804049682, -0.3715603355308388 0.14210950210885787, -0.33089431408765896 0.4527286773036154, -0.27465407166624006 0.7373908183595352, -0.2114919532544927 0.90611154026198, -0.16823022831493975 0.9320685744008178, 0.029043237409421965 0.9337990433434069, 0.1951682611773055 0.9320685744008178, 0.2964006975358595 0.9173595883888098, 0.3301448429887109 0.8922677887212667, 0.3387971879766215 0.7408517562447136, 0.34744953296453207 0.6378888541606573, 0.33447101548266617 0.23728529395126263, 0.3059182770225612 -0.25157218233018025, 0.28861358704674 -0.7075507487024287, 0.2721741315697099 -0.9420292904232624, 0.27476983506608305 -0.9420292904232624))"
afe2c31d-ff86-44c2-9315-8c797a038df1,cosmetics,#938f89,"lavera
naturkosmetik
bio
pflegeshampoo
family
sanfte reinigung für haar &
kopfhaut dank unserer
naturkomposition mit
bio-apfel
bio-quinoa
alle haartypen
ohne silikone
93% recyclat
klimaneutral",lavera Naturkosmetik Pflegeshampoo Family,"POLYGON((0.1945777032410863 0.9720932447023696, 0.06463686975707758 0.998255827793898, -0.06443187759616598 1, -0.19350062494940953 0.9764536752176243, -0.20570983078012176 0.9555236087444016, -0.19175645268787922 0.931977283962026, -0.2030935723878263 0.9206401646223636, -0.20134940012629596 0.6197704590697863, -0.2885580132028118 0.5290735043524877, -0.2693721183259783 0.17675071871990433, -0.256290826364501 -0.24010643853844924, -0.24233744827225845 -0.6246964099839176, -0.22925615631078106 -0.8488225384680115, -0.22402363952619012 -0.9168452545059854, -0.1664659548956896 -0.956089129143278, -0.09408280604218139 -0.9744029373073481, 0.04196263035718344 -0.9691704206890424, 0.1474850521797677 -0.9552170430402274, 0.21986820103327592 -0.9072523073724249, 0.23992618204087457 -0.8880664131053042, 0.24603078495623068 -0.6918470399188408, 0.2503912156100565 -0.4703371697438996, 0.2599841630484732 -0.2060950805194623, 0.26172833531000356 -0.05522418469164805, 0.2713212827484203 0.17326237430770047, 0.27917005792530675 0.4462253245626475, 0.2817863163176022 0.5255851599402838, 0.19893813389491208 0.6206425451728372, 0.19544978937185145 0.9738374169084716, 0.1945777032410863 0.9720932447023696))"
75c1b404-27cc-45eb-ae15-f89075b72b38,cosmetics,#5b6f5c,"flaschenkörper aus
100% recyceltem plastik
garnier
fructis
aloe
hydra bomb
feuchtigkeits shampoo
aloe vera gel + glycerin
normales haar
mit feutigkeit versorgtes,
geschmeidiges & schwereloses haar
ohne silikone, für ein natürliches haargefühl",Garnier Fructis Aloe Hydra Bomb Feutigkeits Shampoo,"POLYGON((-0.38139873693428644 -0.9007662520038014, -0.3595089395821838 -0.9445458467080067, -0.2602751915859852 -0.9664356440601093, -0.15520416429589265 -0.9897847612356855, -0.018028100889382892 -1.0, 0.1439563995161765 -0.9868661215887384, 0.24319014751237505 -0.9562204052957948, 0.2986443008043684 -0.9226560493559041, 0.3059408999217359 -0.8730391753578048, 0.3132374990391035 -0.6016056881917323, 0.317615458509524 -0.4235686697279643, 0.33366797656773256 -0.061657353506534264, 0.3380459360381531 0.2360438904820614, 0.35117981444941465 0.527907855176763, 0.36577301268414975 0.6840550762884284, 0.36723233250762327 0.878144612810405, 0.3643136928606762 0.9598665229249215, 0.25486470610016315 0.9832156401004976, 0.14833435898659703 0.9832156401004976, -0.0194874207128564 0.9890529193943915, -0.13915164623768406 0.9919715590413386, -0.2310887951165151 0.984674959923971, -0.28362430876156136 0.978837680630077, -0.29529886734934946 0.9438140048667129, -0.305514106113664 0.7292939908161071, -0.31281070523103155 0.3965690710641473, -0.33470050258313416 -0.04560483544832568, -0.3507530206413427 -0.32579424155523923, -0.3638868990526043 -0.7767240670085532, -0.3799394171108129 -0.9007662520038014, -0.38139873693428644 -0.9007662520038014))"
4efe9eb9-abae-4858-aef1-d6e673f304fa,cosmetics,#89827a,"Rexona
MotionSense
cotton
dry
48H
anti-transpirant
0% alcohol",Recona MotionSense cotoon dry,"POLYGON((0.05319604433173144 0.991467006818198, -0.13879630225881526 0.8520947848487641, -0.21701540642533426 0.7013452386369274, -0.3037675037736553 0.43540028447076284, -0.352121131803867 -0.02111485075564805, -0.37772011134927325 -0.4008330473458404, -0.3606541249856691 -0.5416274348455746, -0.32936648331906143 -0.7250867882543192, -0.20706024771323175 -0.8729920034055552, -0.03213388748628933 -0.8872136587085585, 0.1285708174376497 -0.8573481825722514, 0.2693652049373839 -0.6753109946938071, 0.33051832274029874 -0.4833186481032603, 0.3575394678160053 -0.041025168179852835, 0.3404734814524013 0.37851366325874897, 0.2608322117555819 0.8080076534094534, 0.1925682663011653 0.9488020409091875, 0.04892954774083043 1, 0.05319604433173144 0.991467006818198))"
11de3259-d969-4c26-bccb-a798f4a70414,cosmetics,#a9a49c,"klinisch
ph wert
5,5
geprüft
seba med
fische
dusche
mit allantoin
deutsche
sporthilfe
service partner
für gesunde haut
medizinische hautpflege",Seba Med Frische Dusche Medizinische Hautpflege mit Allantoin,"POLYGON((-0.46595263485837124 -0.8162897852806589, -0.4027246145726931 -0.8769193918470136, -0.07532472870986646 -0.9297537632834086, 0.2191619411138401 -0.9089664696035156, 0.41404282555599886 -0.861328921587094, 0.45908196329374223 -0.8041638639673879, 0.4867983557477381 -0.40747300957609467, 0.5058533755598603 -0.0844038203010896, 0.5275068071645445 0.2551219764704976, 0.5413650033915425 0.5357504411490543, 0.5049872382956728 0.5851202636388004, 0.28498837319208037 0.705513339534848, 0.28325609866370566 0.9324412955403475, 0.28325609866370566 1.0, -0.26760720135946303 1.0, -0.2710717504162125 0.7202376725581056, -0.4157166735355037 0.6544112425717774, -0.5387081650501105 0.5565377348289474, -0.5265822433514873 0.2940981521202971, -0.5031965372184283 -0.07314403622448082, -0.48414151740630607 -0.4594412437758274, -0.4642203603299965 -0.8162897852806589, -0.46595263485837124 -0.8162897852806589))"
aa372ceb-aed2-4c9c-848e-6bbc4890bdcc,cosmetics,#93897e,"Rexona
Quick
Dry
48H
Deodorant
Flower Fresh
0% Aluminium
Salts
Extra Fresh",Rexona Quick Dry Flower Fresh,"POLYGON((-0.1348828178994507 -0.9151289617939963, -0.29026473757579646 -0.7316659722966241, -0.36889173307467016 -0.4283904182295398, -0.3576593051462597 0.06958055326332732, -0.3052413081470105 0.4383786035794732, -0.19478910018430692 0.831513581073842, -0.011326110686934862 1, 0.08227745538315304 0.9812792867859823, 0.19834587731006187 0.8970360773229035, 0.28258908677314076 0.6443064489336664, 0.33126294112958654 0.33167053825957304, 0.3462395117008006 -0.03151129809236745, 0.3668322962362199 -0.4377507748365486, 0.2975656573443548 -0.6661434760475626, 0.1534161655964197 -0.8589668221519438, -0.1348828178994507 -0.9076406765083891, -0.1348828178994507 -0.9151289617939963))"
d764de02-912f-4678-b679-cd130245f484,cosmetics,#b7aa9e,"mit aloe vera
dm
balea
after shave
pflege gel
sensitive
spendet 24h feuchtigkeit
wirkt der bildung
von rasierpickelchen
entgegen
beruhigt gereizte haut
empfindliche
haut",Balea After Shave Pflege Gel Sensitive,"POLYGON((-0.48009265007529917 0.9334293872986611, -0.4715603050298505 0.8037377426078418, -0.45449561493895324 0.6484490627806766, -0.4647344289934916 0.5562997362898313, -0.43913739385714573 0.2030606514082578, -0.4101274207026203 -0.09727789419153422, -0.38282391655718473 -0.3566611835731728, -0.36234628844810796 -0.5529051196184914, -0.30603281114814695 -0.8907859834182574, -0.2787293070027113 -0.9812288409000129, -0.22241582970275034 -1.0, -0.09272418501193105 -0.9965870619818206, 0.07962918490613141 -0.9795223718909233, 0.19566907752423288 -0.9522188677454876, 0.33901247428777 -0.9146765495455136, 0.4106841726695385 -0.8788407003546294, 0.47552999501494814 -0.8481242581910142, 0.5028334991603838 -0.8191142850364889, 0.4857688090694865 -0.5733827477275681, 0.46358471195132006 -0.2884024232095837, 0.4414006148331536 -0.05120323094611159, 0.3902065445604618 0.28667763285365444, 0.3663159784332056 0.4231951535808326, 0.33048012924232134 0.6092002755716129, 0.31853484617869327 0.6876978499897404, 0.29976368707870626 0.8702900339623412, 0.28099252797871926 0.9675587674804557, 0.18031085644242534 0.9914493336077118, 0.07450977787886223 0.9931558026168016, -0.07054008789376459 0.9880363955895324, -0.22582876772092977 0.9726781745077249, -0.38453038556627445 0.9607328914440968, -0.48009265007529917 0.94025526333502, -0.48009265007529917 0.9334293872986611))"
2a231d30-de4a-4670-a4ca-0e7da815d6d8,cosmetics,#a09c94,"100% 97%
recyceltes biologisch
plastik abbaubare
formel
gemäß oecd methoden
dove
reichhaltige
pflege
0% sulfat sles
mild zum hautmikrobiom
sofort weiche haut &
anhaltende pflege
hauteigene
pflegestoffe
pflegedusche",Dove Reichhaltige Pflege Pflegedusche,"POLYGON((-0.3658082581155064 -0.619516083871098, -0.29241146774550625 -0.845290986203867, -0.23736387496800626 -0.9146988183697711, -0.14641567820518006 -0.960970706480374, -0.002015471064201645 -0.9865000240586375, 0.15275602167253766 -0.9505994212142043, 0.2006234936529725 -0.8899672919658281, 0.30752751440927695 -0.6426520279263994, 0.3769353487809074 -0.35704278751957536, 0.39927350237177694 -0.11610985287471247, 0.39368896397405967 0.12801424646743345, 0.37135081038319007 0.40245441043376734, 0.3083253056089508 0.7088062213729307, 0.24928875683308124 0.929794376659775, 0.22774839444188558 0.9992022088256793, -0.16955162299572357 1.0, -0.25252190776181055 0.7494935712632883, -0.34745906052300635 0.3673515987636548, -0.3921353677047455 0.03547047024622783, -0.4033044445001803 -0.13525684105841013, -0.39373095010409337 -0.406505840327461, -0.3642126757161585 -0.619516083871098, -0.3658082581155064 -0.619516083871098))"
34d514ad-4c61-48af-bc1d-3cc962ab4841,cosmetics,#8a8678,"100% pflanzen
recyceltes basierte
plastik pflegestoffe
dove
men
+ care
clean comfort
feuchtigkeitsspendend
micromoisture
pflegedusche für
körper
und gesicht",Dove Men + Care Clean Comfort Pflegedusche,"POLYGON((-0.3430626705796327 -0.8353523217968819, -0.31669934953012707 -0.9322762931634262, -0.27405280077357386 -0.9741474487937732, 0.2663952807412912 -0.9787997994193675, 0.30283869513325484 -0.8880789622202819, 0.31602035565800757 -0.7888288155409408, 0.329977407978334 -0.4840998495645255, 0.33385436695620263 -0.15145677983454578, 0.34781141927652914 0.1555983614546665, 0.3671962141658714 0.4564503685764198, 0.3803778746906243 0.8061520572669115, 0.27802615767489663 0.9054022039462528, 0.09813526110179949 0.9829413810394882, 0.03377774206918283 1, -0.05306613903507096 1, -0.2236523340612837 0.9278885653032911, -0.33375796903274835 0.8170075420599644, -0.34383806237520637 0.7673824687202938, -0.34228727878405896 0.25484850813400783, -0.34461345417078004 -0.16463843994039565, -0.3546935475132381 -0.5158909121727521, -0.3453888459663538 -0.8314753629422201, -0.3430626705796327 -0.8353523217968819))"
c551626d-dc00-4c9a-886e-442bb07773fb,cosmetics,#8a7f73,"balea
men
fresh
shampoo
pflegt & kräftigt
entfernt wirksam
styling-rückstände
mit meeresmineralien",Balea Men Fresh Shampoo mit Meeresmineralien,"POLYGON((-0.3293490196435895 -0.9392610269806653, -0.21220957167772955 -0.9898768378301108, -0.025654154546915647 -1, 0.21296323945761378 -0.9754151775874121, 0.34311818164190255 -0.9392610269806653, 0.3836108303214591 -0.8987683783011087, 0.36191833995741096 -0.29860947822911044, 0.36191833995741096 0.2147794603866953, 0.34890284573898206 0.6529677657404676, 0.33154885344774354 0.9566626308371413, 0.21007090740907403 0.9783551212011895, -0.09217779166332991 0.9798012872254593, -0.2686100466242547 0.9653396269827605, -0.37707249844449536 0.9479856346915221, -0.3756263324202255 0.6862295842986746, -0.3756263324202255 0.3420420705224443, -0.3568261741047171 -0.13374655146234468, -0.3438106798862882 -0.5994120112772445, -0.3293490196435895 -0.9276916987865063, -0.3293490196435895 -0.9392610269806653))"
d22ce76d-2297-4a64-ae61-701cd0740366,cosmetics,#9d9085,"Wella
Deluxe 
Ultimatives Styling & Schutz
Haarspray
Fülle
Pur
Auffallend mehr
Fülle
1 / 2 / 3 / 4 5
Ultra starker Halt
Bis zu 24H",Wella Deluxe Ultimatives Styling & Schutz Haarspray Fülle Pur,"POLYGON((0.006264073438521416 -1, -0.16777741841330468 -0.9558270339286994, -0.19428119889835432 -0.8736653170360803, -0.20399925174287253 -0.7756013323577928, -0.20576617044187584 -0.44783792410874207, -0.20399925174287253 -0.13951062093106353, -0.20134887369436757 0.13082793142529642, -0.2084165484903808 0.3331401160318534, -0.2066496297913775 0.5283846260670023, -0.20311579239337088 0.7465990784592273, -0.19251428019935102 0.8667495461731651, -0.115653316792707 0.9082721342801878, 0.013331748234534656 0.920640564780152, 0.11846341082523162 0.9065052156373358, 0.191790536833869 0.8914864071730936, 0.2315462075614435 0.7651517242091737, 0.23684696365845342 0.507181602352778, 0.21122664252290543 0.11139182635392415, 0.191790536833869 -0.2702626005021134, 0.1838394026883541 -0.47169132578724426, 0.16086945960131108 -0.8851502882146184, 0.12199724822323825 -0.9496428186787175, 0.00538061408901976 -0.996466162714296, 0.006264073438521416 -1))"
4a0b3a52-fa77-4ed2-bc8c-e39379b16237,cosmetics,#7a8b62,"flaschenkörper aus
100% recyceltem platik
garnier
fructis
pure
volume
volumen shampoo
zuckerrohr + vitamin
b3 & b6
plattes und feines haar
volles & langanhaltendes volumen",Garnier Fructis Pure Volume Volumen Shampoo,"POLYGON((-0.29271941413749275 -0.8853606435233262, -0.19760211738743708 -0.9643419677790334, -0.03454389438734154 -0.9872720296597223, 0.14719808333151493 -0.9830257219040391, 0.28987402845659854 -0.9218788902222016, 0.3085577831753595 -0.8072285808187561, 0.3034622137066065 -0.40637712868226517, 0.2932710747691005 -0.05902915426738193, 0.289024766878473 0.3562597442384318, 0.2830799358315945 0.7443722731078734, 0.2660947042690846 0.9549891377897584, 0.1896611622377898 0.9872610767329505, 0.029150723972070778 1, -0.09569072801237737 0.9991507384488633, -0.1814661474030526 0.9838640305284039, -0.25365338154371986 0.9643310148522615, -0.2833775367781123 0.9456472607272554, -0.28932236782499077 0.8505299669999525, -0.29611646044999473 0.5125238696475725, -0.2918701525593672 0.13630100249404373, -0.29611646044999473 -0.21953958743220559, -0.2978149836062457 -0.4997958993072948, -0.29611646044999473 -0.8785665511142333, -0.29271941413749275 -0.8853606435233262))"
7e3f6e33-a853-4f00-a8f2-c809915d0bc3,cosmetics,#a09690,"Sanfte Pflege
Dove
go fresh
1/4 Pflegecreme
Granatapfel- & Zitronenverbenenduft
48h 0% Alkohol
Anti-Transpirant",Dove Sanfte Pflege go fresh Granatapfel- & Zitronenverbenenduft,"POLYGON((0.04298804863783255 -0.9529089132539637, -0.10841343115581961 -0.9282423808130382, -0.1713556193846413 -0.8891161569412253, -0.1943210123870492 -0.8304268211335061, -0.20367728361025242 -0.6994390281713498, -0.21048184449985477 -0.5199687404115125, -0.21813697550065742 -0.30562507920071186, -0.2189875456118577 -0.0530057642022679, -0.22324039616785918 0.0686257578340199, -0.219838115723058 0.17749872860776003, -0.21728640538945712 0.27616485837146204, -0.2300449570574615 0.4020492308285991, -0.2513092098374688 0.5347381639590949, -0.21048184449985477 0.6053354809451921, -0.19857386294305068 0.7831046285366895, -0.17645904005184304 0.8843224685529011, -0.10756286104461932 0.977885177811584, -0.03696554181499499 0.9974482897474904, 0.03448234752582962 1, 0.0872176944202478 0.9566209257073379, 0.13825190109226537 0.8996327300679583, 0.16461957453947446 0.8137251515668039, 0.17652755609627857 0.7201624423081211, 0.19013667787548325 0.6410594244803255, 0.2062975099882888 0.5738643878309077, 0.22756176276829615 0.5202784725282076, 0.21820549154509292 0.45223286579462, 0.21310207087789115 0.3408081847683703, 0.20969979043308998 0.19280899012281727, 0.22671119265709586 0.07457974842320879, 0.23011347310189703 -0.19334982809029228, 0.22415948232349497 -0.4093946294694327, 0.22671119265709586 -0.7572777938948994, 0.22330891221229468 -0.8423348023118838, 0.1824815468746806 -0.8882655868570554, 0.14250475164826684 -0.9197366799713398, 0.04639032908263372 -0.9546100534223034, 0.04298804863783255 -0.9529089132539637))"
f98723b5-7261-4ed0-a9f7-b374aa9f13bb,cosmetics,#9e978c,"sanfte &
pflegende
formel
fa
entdecke
mit kokosnuss-
öl
cream & oil
cacao
kakaobutter duft
milde formel
94% inhaltsstoffe
natürlichen ursprungs
pflegende duschcreme",Fa Cream & Oil Cacao Pflegende Duschcreme,"POLYGON((-0.31460953222699034 -0.8452530368965833, -0.2507873363764581 -0.9291835931560636, -0.1537426276174297 -0.9728974245412094, -0.08467477183397705 -0.9851372973290503, 0.02548408675735251 -1.0, 0.13302011538222172 -0.9912572337229708, 0.19771658788824065 -0.9431720191993103, 0.27640148688204746 -0.5733530056809755, 0.332355192833199 -0.20440826879034368, 0.36557770574169524 0.24234708796584786, 0.3682005357081556 0.43119083954967835, 0.35421210922036767 0.4993844165105061, 0.33847512942160635 0.75817029831057, 0.3174924896899245 0.8534664507301882, 0.274652933571074 0.9321513472234509, 0.06832364287620277 0.9470140498944005, -0.08292621852300355 0.9347741771065597, -0.2009535670137138 0.9181629211802043, -0.25341016634291835 0.8272381518991008, -0.27614135938557366 0.7406847657565117, -0.3163580855379638 0.4915159268611798, -0.33209506533672517 0.35338021968411865, -0.3513291517574335 0.006292398486059799, -0.35220342841292024 -0.14408318147884233, -0.33559217195867214 -0.503410875464742, -0.31460953222699034 -0.8400073771303657, -0.31460953222699034 -0.8452530368965833))"
94a3cd25-0e78-4318-b64e-38304a4f0e44,cosmetics,#9e978c,"sanfte &
pflegende
formel
fa
entdecke
präbiotische
formel
aloe vera
yoghurt
aloe vera duft
milde formel
94% inhaltsstoffe
natürlichen ursprungs
pflegende duschcreme",Fa Aloe Vera Yoghurt Pflegende Duschcreme,"POLYGON((-0.3169702245237142 -0.8446787189840191, -0.23887082085295006 -0.9306758124278955, -0.12040543326246513 -0.9806945300432116, 0.028773202962589967 -1.0, 0.1270555985932145 -0.9973674359149834, 0.19637978836838704 -0.9543688891930453, 0.2578062856375274 -0.6770721389046273, 0.30168235511548475 -0.39100017499948714, 0.35521115987859286 -0.04262419441562015, 0.3631088523846251 0.10304435162196657, 0.3613538096055068 0.4821335798643609, 0.35521115987859286 0.6295571686252921, 0.32186534707534525 0.8787732353401994, 0.2823768845451835 0.9287919529555152, 0.008590211002729444 0.9472199015506316, -0.149363639117917 0.9314245170405319, -0.20815757221837988 0.9138740898070877, -0.2590538128128105 0.8050614409597339, -0.29766475395341296 0.6356998181569974, -0.3152151817445959 0.49266383620442744, -0.34768347315828435 0.1767561460024322, -0.3538261228851984 -0.17776248411314025, -0.3389082592626929 -0.5568517123555345, -0.32048031008195077 -0.8420461548990024, -0.3169702245237142 -0.8446787189840191))"
f6095119-db82-4d3c-84b1-ab37468de41c,cosmetics,#9f9e9b,"Nivea
Haut
Aktiv-Formel
Mit Pflegekomplex
fresh
pure
0%
Aluminium(ACH)
Langanhaltende Frische
48h
Deodorant
Protection",Nivea fresh pure 48h Deodorant Protection,"POLYGON((0.2069719640754721 -0.8905418492294714, 0.1293710338242994 -0.9828461107001413, 0.0239971390621807 -1, -0.06503971775232271 -0.9983662962571564, -0.14590805559301848 -0.9493551839718452, -0.18593379856467598 -0.860318329986863, -0.1949191694358644 -0.6299661022458998, -0.2063550959991951 -0.4110498007048424, -0.2112562073834797 -0.19621775852089438, -0.20063713271752975 -0.03039682862225788, -0.19328546564110285 0.12807243443358207, -0.21043935548609893 0.33718651351757706, -0.23004380102323724 0.47931873914497986, -0.2520988022525179 0.7742022647282697, -0.26680213640537165 0.8411841181848617, -0.2202415782546681 0.8877446748559075, -0.12793731385064164 0.9196018978413599, -0.0348161975492344 0.9334883796555314, 0.05095325167574595 0.9318546759126877, 0.14489121987453396 0.9081659716414539, 0.2192247425361836 0.8665065261989393, 0.24618085514974886 0.823213377013581, 0.2306606690995143 0.7170226337287396, 0.22984381720213354 0.6320700391008668, 0.2192247425361836 0.5356815182730879, 0.2118730754597567 0.4450109605452619, 0.1955360375121414 0.33473595790331145, 0.19635288940952217 0.19832169537586167, 0.19962029699904524 0.05373891413419322, 0.20125400079380676 -0.07859108903614728, 0.21840789063880284 -0.20683683284937862, 0.21514048304927977 -0.34161739163398475, 0.2118730754597567 -0.4894675803613405, 0.214323631151899 -0.651204250902868, 0.20370455648594907 -0.8856407380009402, 0.2069719640754721 -0.8905418492294714))"
be21b7be-8054-4044-966d-2d1eba20339f,cosmetics,#859270,"flaschenkörper aus 
100% recyceltem plastik
garnier
fructis
blut-
orange
vitamine
& kraft
kräftigendes shampoo
dünnes, zu haarbruch neigendes haar?
vitamin c
+ biotin
stärkeres haar",Garnier Fructis Vitamine & Kraft Kräftigendes Shampoo,"POLYGON((-0.2812159243788398 -0.9031694713222478, -0.27151687271298464 -0.9268782642832271, -0.1626719595739433 -0.9796842122417719, -0.008564805327577816 -0.9839949018710409, 0.16278510743586352 -0.9516647296515236, 0.2759407102041738 -0.8783830059539512, 0.3028825203871049 -0.8266547304027236, 0.2974941583505187 -0.640217403936841, 0.2910281239066152 -0.32014869896362036, 0.2845620894627118 0.00961905767545542, 0.2824067446480773 0.43206664134381395, 0.2824067446480773 0.5861737955901795, 0.27270769298222214 0.6443681055853104, 0.2619309689090497 0.8221840527926552, 0.25762027927978076 0.8857667248243725, 0.25330958965051176 0.9256406038951104, 0.10028010781146354 0.9784465518536551, -0.07753583939588125 1, -0.17668170086906743 0.9870679311121932, -0.25642945901054326 0.9730581898170689, -0.27690523474957085 0.946116379634138, -0.2801382519715226 0.7435139670584966, -0.2801382519715226 0.6034165541072553, -0.2801382519715226 0.23161957358280708, -0.2812159243788398 -0.211303785824579, -0.2790605795642053 -0.604654214495372, -0.2801382519715226 -0.9031694713222478, -0.2812159243788398 -0.9031694713222478))"
592fd15a-dde4-4c02-942d-5de02c453605,cosmetics,#868382,"100%
klimaneutralisiert
durch kompensation der co2
emissionen mit zertifizierten 
aufforstungsprojekten
nivea
men
fresh
ocean
24h fresh effect
frische +
meeresmineralien
pflegedusche
3 in 1
körper, gesicht & haar
99% biologisch abbaubare formel",Nivea Men Fresh Ocean Firsche + Meeresmineralien Pflegedusche,"POLYGON((-0.3133915381737922 -0.896704497082537, -0.2948306269034594 -0.9427032757254697, -0.26819975421124287 -0.9531942252405246, -0.18750013999240478 -0.9749831203871769, -0.05918775338445234 -0.9935440310676584, 0.03361680296721142 -1.0, 0.191788046836134 -0.9862810660187744, 0.24908477293150905 -0.9765971126202622, 0.2894345800409281 -0.9644921708721219, 0.3160654527331446 -0.9378612990262136, 0.32736339872378195 -0.9096164349472199, 0.35157328298943336 -0.6876925028979833, 0.3652922174066357 -0.532749248521789, 0.37578316725508476 -0.3705430290967105, 0.38143214025040334 -0.28984341744244263, 0.3838531286769686 -0.22689772035211356, 0.37820415568164983 -0.2059158213220041, 0.3749761711128963 -0.18251293394226623, 0.37820415568164983 -0.15184708151364454, 0.38546712096134533 -0.125216209667736, 0.38950210167228716 -0.1026203184045411, 0.38143214025040334 -0.07356845820900462, 0.3790111518238383 -0.049358574712724264, 0.3862741171035336 -0.021113710633730517, 0.39595807080979417 0.008745145678348568, 0.3943440785254174 0.0321480330580862, 0.3911160939566639 0.06362088160325073, 0.3919230900988524 0.0926727417987871, 0.3951510746676059 0.12011060976123823, 0.404028032231678 0.1451274893740613, 0.40644902065824323 0.16933737287034167, 0.4008000476629245 0.20242421364859142, 0.4008000476629245 0.25084398064115215, 0.4032210360894897 0.283930821419402, 0.4120979936535618 0.3089477010322251, 0.4153259782223153 0.33154359229542013, 0.4209749512176341 0.41305020006623056, 0.4242029357863876 0.47357490880693154, 0.4217819473598224 0.5082757418182667, 0.42743092035514113 0.5833263806567358, 0.4306589049238947 0.6591840156117477, 0.4306589049238947 0.7067967864877657, 0.4258169280707644 0.7374626389163874, 0.42662392421295264 0.7802334330931494, 0.4330798933504597 0.7923383748412897, 0.4330798933504597 0.8294601962022529, 0.43146590106608296 0.8456001185331065, 0.3862741171035336 0.8698100020293869, 0.31929343730189813 0.8770729670782709, 0.2135769426752203 0.8883709127098685, 0.1215793824657449 0.884335932127155, -0.01722395399065655 0.884335932127155, -0.15602729044705801 0.8859499243602403, -0.2859536693393872 0.8859499243602403, -0.3876351832551232 0.8770729670782709, -0.43928293635517945 0.8601260486308747, -0.4457389054926865 0.8294601962022529, -0.44493190935049814 0.7947593631909177, -0.43605495178642595 0.7697424835780946, -0.43201997107548407 0.7277786855178754, -0.44170392478174464 0.7051827942546803, -0.44008993249736783 0.6737099457095158, -0.4304059787911073 0.5058547534686386, -0.42314301351141187 0.33719256511121887, -0.41910803280046993 0.31136868938185314, -0.4102310752363978 0.2863518097690301, -0.4053890983832675 0.25487896122386555, -0.40619609452545585 0.21937113209598771, -0.4053890983832675 0.18709128743428058, -0.4094240790942094 0.16449539617108555, -0.4045821022410791 0.14593448549060392, -0.3989331292457605 0.11284764471235417, -0.39731913696138377 0.07895380781756157, -0.39651214081919534 0.04263898257314104, -0.3989331292457605 0.029727044708458255, -0.3916701639660651 -0.00900876888559034, -0.3876351832551232 -0.04855157859618166, -0.3868281871129348 -0.09293636500602886, -0.3876351832551232 -0.10988328345342516, -0.3795652218332394 -0.13812814753241892, -0.3819862102598045 -0.16072403879561406, -0.3795652218332394 -0.19058289510769302, -0.38037221797542775 -0.2155997747205161, -0.3795652218332394 -0.24384463879950985, -0.3739162488379207 -0.29065041355898535, -0.3706882642691672 -0.3657010523974544, -0.36503929127384854 -0.4278397533712407, -0.3537413452832112 -0.5295212640556183, -0.3456713838613274 -0.6303957786234531, -0.3327594455863133 -0.7595151572702816, -0.32226849573786437 -0.8531267067892324, -0.31419853431598055 -0.8942835087329091, -0.3133915381737922 -0.896704497082537))"
fa49402a-83d8-4e53-b165-1ffc264e80c8,cosmetics,#9c928d,"Balea
Deodorant
Soft Flower
0%
Aluminium(ACH)
mit Glockenblumen-
& Hortensien-Duft
24h

Rezeptur Ohne
Mikro-
plastik",Balea Deodorant Soft Flower,"POLYGON((0.11296881969741292 0.9176701104226641, -0.06653911301338444 0.9103730399872658, -0.18621106815391597 0.8622123751136372, -0.26064118659497826 0.7658910453663801, -0.34090896138435917 0.6155713943971758, -0.3832319699096691 0.4579546729925733, -0.39928552486754526 0.3222291628941656, -0.396366696693386 0.13104591748673097, -0.358421930429315 -0.05138084339822562, -0.33799013321019983 -0.1754310407999962, -0.34820603181975746 -0.32137244950796146, -0.3540436881680761 -0.4176937792552186, -0.34382778955851845 -0.5475816330053077, -0.33653071912312027 -0.6599565177104408, -0.3117206796427661 -0.7431431206739813, -0.25042528798542074 -0.8642744899015924, -0.1818328258926769 -0.9474610928651326, 0.007891005427677981 -1, 0.09983409291369612 -0.9591364055617698, 0.2034524930963515 -0.8453021067695569, 0.30123323693068826 -0.689144799452034, 0.3333403468464406 -0.46585444412884713, 0.3202056200627238 -0.2878059255051293, 0.3450156595430778 -0.08786619557521687, 0.4121487075487418 0.16607185557664267, 0.4194457779841401 0.4200099067285023, 0.3712851131105116 0.577626628133105, 0.3231244482368829 0.7425404199731057, 0.2384784311862632 0.8622123751136372, 0.1144282337844926 0.9176701104226641, 0.11296881969741292 0.9176701104226641))"
01c9f1bd-833c-4cdb-b3e0-604823490ccb,cosmetics,#9d948b,"Dove
LIMITED EDITION
winter care
moisturising cream
jasmine & powder scent
0% alcohol 48h anti perspirant/anti-transpirant",Dove Limited Edition Winter Care Moisturising Cream,"POLYGON((0.05055917635765288 0.9966378299986319, -0.11250606870870045 0.9193079199671653, -0.21505225375042789 0.7327074848912352, -0.28733890877984225 0.4502852047763139, -0.34113362880173204 0.13592230964839547, -0.369712073813361 -0.21710554049525607, -0.38988509382156955 -0.4457331005882877, -0.3461768838037842 -0.6121605156560092, -0.26044154876889736 -0.8004420357326234, -0.1847927237381148 -0.884496285766826, -0.07047894369159916 -0.9366099207880318, 0.048878091356968786 -0.9265234107839276, 0.13965668139390788 -0.8609610957572493, 0.2153055064246903 -0.7449662307100494, 0.3010408414595771 -0.5398738606265948, 0.3363436264739423 -0.3768086155602415, 0.3548355614814669 -0.040591615423430295, 0.35651664648215087 0.28553887470927647, 0.3245760314691538 0.5982206848365107, 0.26237588644384396 0.788183289913809, 0.1867270614130613 0.9310755149719536, 0.05055917635765288 1, 0.05055917635765288 0.9966378299986319))"
05f709bb-1d28-45be-a927-44df7c386605,cosmetics,#988777,"pantene
pro-v
vitaglour
volumen pur
für feines,
plattes haar
active pro-v complex
schützt ohne silikone
shampoo",Pantene Pro-V VitaGlour Volumen Pur Shampoo,"POLYGON((0.05666417017541495 0.9935831094565282, -0.11145836206354708 0.9717656816087239, -0.16022673019393302 0.9268474478044211, -0.2192621231938739 0.9178638010435606, -0.23594603860690064 0.7048230350002956, -0.26931386943295416 0.6663216917394646, -0.2770141380851204 0.17735463232691098, -0.2628969788894823 -0.20637542217270466, -0.25391333212862177 -0.655557760215733, -0.23081252617212317 -0.910950003845912, -0.013921625802775216 -0.9597183719762978, 0.14136712534924314 -0.9289172973676331, 0.23762048350132065 -0.8775821730198584, 0.26457142378390236 -0.8069963770416683, 0.27612182676215163 -0.5054025214984921, 0.2748384486534573 -0.26027730273786803, 0.2709883143273742 0.2030221945007983, 0.24147061782740376 0.6021527863047463, 0.25302102080565303 0.6753053385003253, 0.22221994619698826 0.7035396568916013, 0.20938616511004457 0.9037466418479225, 0.16061779697965864 0.9011798856305338, 0.15933441887096428 0.951231631869614, 0.09644889154494031 0.9845994626956676, 0.04639714530586002 1, 0.05666417017541495 0.9935831094565282))"
6656faee-0bd6-4d37-9231-40d2b94212f8,cosmetics,#8f867a,"vorteilsgrösse
loreal
paris
elvital
tonerde
absolue
100%
recyceltes
plastik*
klärendes
pflegeshampoo
mit ausgewählten tonerden
bis zu 72 stunden frischer
luftig reiner ansatz
fettiger ansatz,
trockene spitzen",Loreal Paris Elvital Tonerde Absolue,"POLYGON((-0.24046630901331975 -0.8933096163791692, -0.2159563560193451 -0.9509800940120506, -0.13233416345166685 -0.998558238059178, 0.05509488885519817 -1, 0.18629522547000368 -0.9769318089468474, 0.24108217922124114 -0.9423295223671184, 0.27856798968261415 -0.6957882304865498, 0.29586913297247863 -0.46510631995502366, 0.30596146655823286 -0.1897297892580143, 0.32614613372974144 0.1490842668351648, 0.33335494343385164 0.5124082759223185, 0.3362384673154957 0.7430901864538447, 0.3362384673154957 0.8440135223113874, 0.19350403517411388 0.8858246185952265, 0.05653665079602021 0.8915916663585147, -0.07898897164125142 0.8930334282993367, -0.2303739754275655 0.8915916663585147, -0.2577674523031842 0.8598729036604298, -0.3399478829300404 0.8396882364889213, -0.3543655023382608 0.6767691371760309, -0.3356225971075743 0.3595815101951824, -0.324088501580998 0.11880726607790197, -0.3024620724686674 -0.19405507508048042, -0.2808356433563368 -0.5328691311736595, -0.2592092142440062 -0.7649928036460077, -0.2419080709541418 -0.887542568615881, -0.24046630901331975 -0.8933096163791692))"
4308d202-b7a8-49ac-8643-93955f58aa96,cosmetics,#9e9b95,"klinisch
ph wert
5,5
geprüft
seba med
wellness
dusche
mit wasserlilienextrakt
öko test
sebamed
wellness dusche
gut
ausgabe 07/2020
medizinische hautpflege",Seba Med Wellness Dusche mit Wasserlilienextrakt,"POLYGON((-0.48362870956349646 -0.7809237279903603, -0.45848202980130387 -0.8222361291439441, -0.36957055492783697 -0.8581599562340169, -0.19533998800407365 -0.881510443842564, 0.006731545799260169 -0.8895933049378306, 0.15132495443186791 -0.8851028265515715, 0.3183707557092905 -0.857261860556765, 0.42973462322757217 -0.8204399377894404, 0.479129887046165 -0.786312302053871, 0.4926013226330538 -0.7512865706410501, 0.5132575238662836 -0.3929463954175738, 0.52583086374738 -0.07951100405668829, 0.5446908735690243 0.2222491434999234, 0.5509775435095726 0.4234225752043311, 0.5330156293937207 0.43869020171761214, 0.3866260293495276 0.533888343506305, 0.33812886123672764 0.5563407354376005, 0.3273517127672165 0.7314693925017055, 0.3309440955903869 0.9119866236293215, 0.2842431188891719 0.9577895031691643, 0.13336304031601603 0.99012094755023, -0.05344086648884368 1.0, -0.2285695291183996 0.9910190432274818, -0.32286957822662204 0.959585694523668, -0.3300543438729628 0.9407256853013798, -0.3291562481671702 0.5671178835646224, -0.5429030261458077 0.43689401036310843, -0.5473935046747707 0.4108492357228057, -0.5357182604994669 0.09561765300741668, -0.5114696764430668 -0.3453473245232272, -0.48362870956349646 -0.7800256323131084, -0.48362870956349646 -0.7809237279903603))"
559a3f06-1408-4a31-a42b-3d3c977afb1a,cosmetics,#776e5d,"men
recona
motionsense
sport
defence
48 h
dry protection
anti-transpirant
0% alcohol",Men Rexona MotionSense Sport Defence,"POLYGON((-0.230756397740664 -0.8960756318417012, -0.20997152410900427 -0.9408430519714299, -0.15880875824645718 -0.9664244349027035, -0.10444831951750093 -0.9904069814007724, 0.009069067240025382 -1.0, 0.11139459896511952 -0.9872093085343633, 0.20572594852419068 -0.9504360705706575, 0.25528987795353314 -0.9136628326069518, 0.25528987795353314 -0.8896802861088828, 0.26168522368635155 -0.4164247018803225, 0.2600863872531469 -0.016715593579173484, 0.2712782422855791 0.48052253714745585, 0.2712782422855791 0.5732550502733225, 0.2712782422855791 0.7507258943590326, 0.25369104152032856 0.8050863330879888, 0.21212129425700907 0.824272370286444, 0.19453409349175851 0.8402607346184899, 0.18653991132573552 0.8978188462138554, 0.1593596919612574 0.9393885934771748, 0.1257841268639609 0.9729641585744714, 0.08741205246705058 0.9777606678740852, 0.047441141636935684 0.9601734671088347, 0.007470230806820786 0.9665688128416531, -0.0372971893229079 0.9633711399752438, -0.06447740868738604 0.9617723035420392, -0.12683202958236528 0.9777606678740852, -0.1540122489468434 0.9729641585744714, -0.20357617837618588 0.9377897570439703, -0.22436105200784562 0.907411864813083, -0.24194825277309617 0.8514525896509221, -0.25473894423873295 0.8194758609868302, -0.2771226543035973 0.8050863330879888, -0.2835180000364157 0.7667142586910786, -0.28191916360321106 0.7155514928285315, -0.28511683646962027 0.6372085076015063, -0.2771226543035973 0.590842251038573, -0.2803203271700065 0.5572666859412765, -0.2707273085707789 0.21351685280228833, -0.2563377806719375 -0.24215153066102152, -0.24514592563950538 -0.3492735716857294, -0.238750579906687 -0.7345931520880371, -0.2355529070402778 -0.8896802861088828, -0.230756397740664 -0.8960756318417012))"
43a49f1e-957d-4456-b954-af937980203a,cosmetics,#9c9182,"klinisch getestet
odol med 3
stärkt den zahnschmelz hilft das zahnfleisch zu schützen erfrischt den atem
extra white
3 in 1 schutz
24h schutz",Odol Med 3 extra white,"POLYGON((-0.10841535234475838 -0.7795577379685683, -0.0928713466886959 -0.8106457492806932, -0.08156661530246863 -0.9674988972645966, -0.03776078118083796 -0.9929345428836079, 0.023002150020133606 -1.0, 0.07811271552799154 -0.9901083600370512, 0.11344000110995175 -0.9802167200741023, 0.15865892665486084 -0.9590203487249261, 0.18550766369715058 -0.9349977945291932, 0.1883338465437074 -0.7837970122384035, 0.21235640073944034 -0.6382485956407274, 0.2208349492791108 -0.5704202073233638, 0.21518258358599718 -0.4390027049584718, 0.2052909436230483 -0.2694317341650628, 0.1883338465437074 -0.07018584348280718, 0.18126838942731535 0.25058590960139154, 0.18268148085059377 0.4385270688974199, 0.19116002939026422 0.5967933083046016, 0.21235640073944034 0.7790821019075164, 0.21094330931616195 0.8454973988016016, -0.28505178025455946 0.8412581245317663, -0.2949434202175083 0.791799924717022, -0.276573231714889 0.7267977192462153, -0.2709208660217754 0.6688609708918005, -0.25255067751915605 0.5883147597649312, -0.24265903755620719 0.5134209143311755, -0.19885320343457655 0.1714527898978007, -0.18048301493195723 -0.09703458052509695, -0.17200446639228678 -0.4404157963817502, -0.15080809504311066 -0.6269438642545001, -0.1098284437680368 -0.7724922808521762, -0.10841535234475838 -0.7795577379685683))"
0cc1ea88-69e8-4f86-b1e4-88bc16c04efc,cosmetics,#9b9797,"100%
klimaneutralisiert
durch kompensation der co2
emissionen mit zertifizierten
aufforstungsprojekten
nivea
men
sensitive
beruhigend +
bambusextrakt
pflegedusche
körper, gesicht & haar
für empfindliche haut
3 in 1
99% biologisch abbaubare formel",Nivea Men Sensitive Beruhigend + Bambusextrakt Pflegedusche,"POLYGON((-0.35002275502693647 -0.8957718179390892, -0.33412354030899066 -0.9372864328277571, -0.3067415594058618 -0.9593686747898145, -0.2307786446423429 -0.9841007857873185, -0.1177175622036172 -0.9991167103215176, -0.019672404776284715 -1.0, 0.0942719673689936 -0.9991167103215176, 0.1746513306652752 -0.9832174961088362, 0.22941529247153297 -0.9708514406100841, 0.27622964691881785 -0.9478859089695445, 0.3000784689957366 -0.9099044527948059, 0.3301103190185231 -0.6775992673539626, 0.3583755896282044 -0.4143789431662392, 0.36809177640028257 -0.2942515468926472, 0.37604138375925533 -0.2244716622925458, 0.3698583558133876 -0.176774019654502, 0.376924673465808 -0.14320901187217497, 0.3839909911182284 -0.12112676991011762, 0.3857575705313334 -0.10346097634047174, 0.38310770141167566 -0.07519570662903825, 0.38664086023788585 -0.039864119489746504, 0.3945904675968589 -0.006299111707419322, 0.3981236264230691 0.021082868325531703, 0.39547375730341133 0.05376458642937667, 0.3945904675968589 0.08909617356866842, 0.4051899440754894 0.13237736781430073, 0.4131395514344622 0.16859224463207484, 0.4104896823148047 0.21010685952074262, 0.4149061308475673 0.27370371637146773, 0.429038766152408 0.3125684622246887, 0.4343385043917233 0.3567329461488034, 0.44317140145724876 0.4901096875996297, 0.4458212705769065 0.6014041870883987, 0.45642074705553703 0.6959161826860042, 0.448471139696564 0.716231845291097, 0.4475878499900116 0.7603963292152117, 0.45112100881622175 0.7718790950354815, 0.45907061617519457 0.7930780473190565, 0.4617204852948523 0.8284096344583483, 0.45642074705553703 0.8469587177064765, 0.42020586908688257 0.8566749041697816, 0.3636753278675197 0.8681576699900515, 0.2691633292663975 0.8778738564533567, 0.17023488213251245 0.8858234635596973, 0.04215787468239344 0.8920064913090735, -0.09033558130048831 0.8981895190584496, -0.21046298139163444 0.9052558364863079, -0.3208741947107025 0.9043725468078255, -0.39330395064801116 0.8946563603445202, -0.4118530344856146 0.8504918764204056, -0.4100864550725095 0.818693447995043, -0.4047867168331943 0.803677523460844, -0.399486978593879 0.7444971150025304, -0.4118530344856146 0.7356642182177074, -0.4100864550725095 0.6756005200809114, -0.40920316536595697 0.5342741715237445, -0.40920316536595697 0.3682157119690732, -0.3977203991807739 0.32405122804495856, -0.3941872403545637 0.27988674412084386, -0.3941872403545637 0.24278857762458744, -0.4012535580069841 0.21275672855618952, -0.40037026830043154 0.1862580382017207, -0.39507053006111625 0.15622618913332265, -0.3871209227021434 0.10941183617376106, -0.389770791821801 0.08026327678384547, -0.39330395064801116 0.0625974832141996, -0.39507053006111625 0.04316511028758904, -0.39242066094145867 0.02284944768249639, -0.38270447416938064 0.014016550897673329, -0.380054605049723 -0.019548456884653728, -0.3818211844628281 -0.05311346466698091, -0.3871209227021434 -0.07696228598600281, -0.38447105358248573 -0.0999278176265425, -0.37917131534317045 -0.12819308733797585, -0.3765214462235128 -0.15380848801396246, -0.37917131534317045 -0.17942388868994905, -0.3835877638759332 -0.20503928936593552, -0.38623763299559083 -0.2871852294647887, -0.370338418277645 -0.6140024105032376, -0.35002275502693647 -0.8922386592251601, -0.35002275502693647 -0.8957718179390892))"
1dd9beaf-6e7a-4750-a1bf-e398008c3f94,cosmetics,#978b7a,"pantene
pro-v
vitaglour
glatt
& seidig
für widerspenstiges
haar
active smart pro-v
dringt tief in das haar ein
shampoo",Pantene Pro-V VitaGlour Glatt&Seidig Shampoo,"POLYGON((-0.2456270375476939 -0.9045196203118092, -0.17117224771492487 -0.9645910965633145, -0.023108745206577345 -0.9815126391693724, 0.09957244258605347 -0.9722057907360405, 0.23325263342216151 -0.927363702829987, 0.29755449736864387 -0.8605236095360587, 0.3093995775693117 -0.6701562552179081, 0.30770742325493056 -0.3841821851755307, 0.30009272884021543 -0.12528258330284586, 0.2924780344255005 0.14038563561226214, 0.2814790313820233 0.4018234688758555, 0.2654035653954027 0.6674916877909636, 0.25186633088035376 0.6945661559606562, 0.24255948215125764 0.9246991354030426, 0.18671838977668087 0.9238530582727398, 0.16979684663286973 0.9627726062666727, 0.10295675121481569 0.9949235372181826, 0.03527057863957111 1, -0.051875368551056296 1, -0.13563700711292148 0.9847706116545479, -0.1906320223303077 0.9543118349636438, -0.20586141115973772 0.9314677524454658, -0.26847112079183894 0.92977559818486, -0.2870848182500312 0.6996426187424735, -0.3014681299222706 0.6581848393576318, -0.30654459286541397 0.28337267063345073, -0.2980838212935084 0.017704451718342746, -0.2870848182500312 -0.29280585510281854, -0.27862404667812557 -0.5973936220118594, -0.24647311470488448 -0.9002892346602948, -0.2456270375476939 -0.9045196203118092))"
ec2aec49-ec98-4cb2-84a8-621f084e2c26,cosmetics,#958171,"Wella
Wellaflex
Langanhaltender, Flexibler Halt
Haarspray
Extra Stark
Hält, ohne zu beschweren un verleiht
dem Haar einen natürlichen Schwung
1 / 2 / 3 4 5
Extra Starker Halt
Bis zu 48 Stunden
Natürliches Haargefühl | Kein Verkleben",Wellaflex Haarspray Extra Stark,"POLYGON((0.15674018360126415 -0.9719080421180513, -0.04080972004009734 -1, -0.11602367417878086 -0.929317009200258, -0.1350537107680863 -0.8622587871594772, -0.152271362920315 -0.6266488178270044, -0.1731137839466972 -0.4426918033097273, -0.19486239719161771 -0.17355272295686394, -0.21842339487361498 0.06205724637560896, -0.24107820033707386 0.3538511314719792, -0.25376489139661085 0.5042790349688658, -0.2646391980190711 0.6646750525528955, -0.2709825435488396 0.8676621030547184, -0.22839150927753687 0.9002850218853684, -0.12871036523831783 0.914784096921213, -0.0580273721923261 0.9320017485262783, 0.019905158601972478 0.9193150578699144, 0.1050872271445779 0.8776302171418614, 0.16489591356810937 0.8060410341523792, 0.19026929568718332 0.6773617432092593, 0.19842502565402853 0.5450576835071785, 0.20023741009110524 0.45171988796392953, 0.204768371183797 0.24782664527236642, 0.21473648558771893 0.08471205111911596, 0.2210798311174874 -0.29226389981284073, 0.22289221555456412 -0.4454103798789483, 0.24010986770679288 -0.7879510276007742, 0.24282844436240794 -0.8722269012466204, 0.21020552449502714 -0.9302232013899983, 0.1585525680383409 -0.9655646967898692, 0.15674018360126415 -0.9719080421180513))"
c8d13313-9d04-4cfd-9c12-55cb68e41bdc,cosmetics,#978575,"pantene
pro-v
vitaglour
locken
pur
für widerspenstige
locken
active smart pro-v
dringt tief in das haar ein
shampoo",Pantene Pro-V VitaGlour Locken Pur Shampoo,"POLYGON((-0.2505612695411894 -0.9060276155112428, -0.12614001846352946 -0.9563255664761229, 0.035342881871305784 -0.9686794491692512, 0.19682578220614103 -0.9298529607051333, 0.25506551675313077 -0.8910264722410153, 0.28153812336539885 -0.40746020682427425, 0.27624360204294524 -0.043020667376985636, 0.26830182005926484 0.33642001534053034, 0.2674193998388559 0.6743869490168294, 0.24006437300617886 0.7026243951725516, 0.22506322925922698 0.9232294432641306, 0.17123559581428188 0.9144052413404674, 0.16505865427141933 0.9576438307664168, 0.11476070170811001 0.98323401634504, 0.050344025618257696 0.9929406384610695, -0.024661693116501845 1, -0.10849161405535074 0.9841164365374063, -0.16584892838193155 0.9602910913435158, -0.1746731305860209 0.9311712249954274, -0.16761376882274942 0.9161700817252, -0.2258535033697392 0.9276415442259621, -0.24261948755750898 0.7088013365191157, -0.2673272537289591 0.6805638903633937, -0.2796811368146842 0.3311254941863324, -0.2735041952718216 -0.10831976161209296, -0.269092094169777 -0.4551108972120553, -0.25497337064323405 -0.9051451953188764, -0.2505612695411894 -0.9060276155112428))"
397caf96-9410-4fc3-baac-1c380381ce13,cosmetics,#9d9b96,"dove
invisible dry
againt white marks
tested on
100
colours
gegen weisse spuren
1/4 moisturising cream
0% alcohol
anti-perspirant/
anti-transpirant 48h",Dove invisible dry moisturing cream,"POLYGON((0.13658473480188182 -0.9174326028118309, 0.003452947231721752 -0.9492502617231188, -0.10288502145639353 -0.9165952959983759, -0.22596912694578675 -0.7759277513379446, -0.33733093667428543 -0.5289222413687349, -0.3607755281960746 -0.17474145927729187, -0.35407707347556344 0.2045585272177995, -0.31974749303294353 0.49008015060593674, -0.24941371846757596 0.7630421717922498, -0.16065919342080262 0.9254796936025097, -0.047622770012176144 1, 0.01433793615255245 0.9966507727461803, 0.10979091591983704 0.9497615911927031, 0.23957347612974153 0.7287125924405968, 0.3157683985755564 0.46747286664265314, 0.3425622174576012 0.24726117470400188, 0.3618202747790708 -0.11612998233544554, 0.3643321952992626 -0.36815933318538485, 0.3216295464560037 -0.6143275363411397, 0.23622424876948592 -0.8069081034357777, 0.14077126900220133 -0.9182699096252857, 0.13658473480188182 -0.9174326028118309))"
ab4159d0-7cfb-4feb-baae-a04ee0fa5324,cosmetics,#86817b,"100%
klimaneutralisiert
durch kompensation der co2
emissionen mit zertifizierten
aufforstungsprojekten
nivea
men
active
clean
simulierend +
aktivkohle
pflegedusche
3 in 1
körper, gesicht & haar
99% biologisch abbaubare formel","Nivea Men Active Clean Stimulierend + Aktivkohle Pflegedusche ","POLYGON((-0.307617618219117 -0.90888654808585, -0.28483925451670106 -0.9522389163353246, -0.2583869611848632 -0.9698737779961278, -0.21576937748356886 -0.9801607806315963, -0.1665387204493151 -0.9919173550721319, -0.09232534193499228 -1.0, -0.0019466730512129578 -0.998530428194933, 0.09357549731375706 -0.9948564986822657, 0.1979150987893397 -0.9772216370214625, 0.25816754471185926 -0.9661998484834605, 0.3154808469308413 -0.9390127700897222, 0.3331157091520665 -0.9066821903782497, 0.35001578544740736 -0.877290754276911, 0.36471150396509505 -0.7193117852322157, 0.37426372100159194 -0.6032156126319278, 0.3852855098898578 -0.4981412285696422, 0.3955725128522392 -0.36147105069841734, 0.4058595158146206 -0.20643122526385588, 0.4007160143334298 -0.18365286228531835, 0.397042084704008 -0.1542614261839797, 0.4014508002593143 -0.13001349140037516, 0.4058595158146206 -0.1101742720319717, 0.4117378032216957 -0.08592633724836728, 0.4095334454440424 -0.06094361656222935, 0.40732908766638937 -0.03302175226595771, 0.40806387359227364 -0.010978175189953603, 0.4095334454440424 0.011800187788583797, 0.4146769469252332 0.032374193059520884, 0.4190856624805395 0.05441777013552488, 0.41761609062877075 0.07719613311406238, 0.4146769469252332 0.10732235511793445, 0.418350876554655 0.13891814892687354, 0.418350876554655 0.16537044141807838, 0.4301074513688052 0.19696623522701748, 0.4293726654429209 0.22782724313342304, 0.42716830766526764 0.28293618582343305, 0.4330465950723427 0.3358407708058426, 0.44039445433118657 0.3755192095426499, 0.44700752766414614 0.4475282279909296, 0.4492118854417992 0.5136589592189416, 0.4492118854417992 0.5614200428836169, 0.4521510291453367 0.6936815053396409, 0.4587641024782963 0.7664253096904542, 0.45435538692299 0.7958167457917928, 0.4499466713676837 0.8376995422362005, 0.4477423135900304 0.8612126911172714, 0.3867550817416266 0.8626822629223383, -0.47588359524664103 0.8678257642400726, -0.48029231080194734 0.8090428920373952, -0.4832314545054849 0.78038624183859, -0.48029231080194734 0.70617286568271, -0.47074009376545034 0.6172637714761604, -0.47000530783956596 0.5753809750317528, -0.4545748033959939 0.38507142627558494, -0.44575737228538126 0.33877991441597655, -0.4384095130265374 0.2976319038741024, -0.4354703693229999 0.2550143215271613, -0.43693994117476864 0.22121417001062188, -0.42738772413827164 0.15581822468514328, -0.4207746508053122 0.08087006262672972, -0.41783550710177464 0.036048122572188215, -0.40828329006527764 -0.028613036850756866, -0.40240500265820256 -0.08886548085850121, -0.3921179996958212 -0.14544399535357802, -0.3950571433993587 -0.2108399406790567, -0.389913641918168 -0.2725619564918679, -0.37889185302990225 -0.38351462777442136, -0.3524395596980644 -0.5833763932635243, -0.31863940710738275 -0.831734028319836, -0.30908719007088575 -0.9066821903782497, -0.307617618219117 -0.90888654808585))"
38c94463-d717-4f06-b96f-f5cdbf1c6c11,cosmetics,#8e7b67,"balea
men
power effect
coffein
shampoo
stärt & aktiviert
geschwächte
haarwurzeln***
für kräftiges &
dichteres haar***
mit wirkstoff-
komplex mit coffein
***wirkung in kombination mit balea men
power effect coffein boost tonic",Balea Men Power Effect Coffein Shampoo,"POLYGON((-0.2102703548796822 -0.9359563773640227, -0.17517795779955456 -0.9666622238333268, -0.06288228714314584 -1, 0.08450578059339062 -0.999122690100877, 0.2511946667239973 -0.9491160258508673, 0.2941828531471538 -0.9026186011973498, 0.295060163074157 -0.3964107894033934, 0.3012013325631793 -0.14374553845597662, 0.3196248410302464 0.2949094111055106, 0.3310298700812879 0.6010905658994288, 0.32313408073825917 0.8414734782591239, 0.2301392284759207 0.8598969861407063, -0.12078474232535658 0.8651608455354441, -0.39538274947735597 0.8335776891670171, -0.38573234028032083 0.664256878636283, -0.36204497225123466 0.4677394612327367, -0.31291561633905585 0.019434102780896675, -0.2523812313758355 -0.4815098496183218, -0.213779594587695 -0.9315698278684078, -0.2102703548796822 -0.9359563773640227))"
11458f40-2ca3-4006-9b9c-71167f294f28,cosmetics,#9d8f83,"Loreal
Paris
Elnett
Ultra-Feines Haarspray
Intensiver
Farbglanz
Starker Halt
Spielend Leichtes Ausbürsten",Loreal Paris Elnett Ultra-Feines Haarspray Intensiver Farbglanz Starker Halt,"POLYGON((-0.175027033837436 -0.8985957916835855, -0.11640272404147452 -0.9857400332055041, -0.03718068377666173 -1, 0.042833576890799197 -0.9968311184901121, 0.10700342950529756 -0.9675189645236485, 0.13710780480592644 -0.9120635381006094, 0.14582222923505583 -0.8209581946913308, 0.14819889044300022 -0.6387475078727737, 0.16325107809331466 -0.45257571916685646, 0.17751104534098094 -0.18797411309121273, 0.19177101258864726 0.02750982958116791, 0.2036543186283692 0.26596816320023614, 0.2068232002389617 0.35628128623204264, 0.2155376246680911 0.6018696032483588, 0.22266760829192425 0.8403279368674271, 0.19810877580983227 0.8680556500789467, 0.13790002520857456 0.8815233964959704, 0.0824445970232056 0.8886533798932184, 0.01906696481135536 0.8918222614031063, -0.06253173666140183 0.8910300410256342, -0.12511714847060393 0.8791467353635545, -0.17265037262949162 0.8640945481915867, -0.19166366229304668 0.8427045979998431, -0.1948325439036392 0.36974903264906656, -0.19166366229304668 0.35073574358973875, -0.1869103398771579 0.03384759260094383, -0.18294923786391729 -0.42088690406797696, -0.17344259303213974 -0.8906735879088656, -0.175027033837436 -0.8985957916835855))"
d20099b6-7073-4de5-9052-0a4ea3f7e60b,cosmetics,#9e9b94,"100%
klimaneutralisiert
durch kompensation der co2
emissionen mit zertifizierten
aufforstungsprojekten
nivea
pflegedusche
care &
cashmere
96%
recycelte
flasche
orchideenblüten duft
und baumwollsamen öl
99% biologisch abbaubare formel
250ml",Nivea Pflegedusche Care & Cashmere Orchideenblüten Duft,"POLYGON((-0.3727256366499598 -0.6595403883220089, -0.33413449556081914 -0.7907502638553403, -0.24751882333852568 -0.948545146849674, -0.14632427559366804 -0.9948545146849673, -0.025405366847693997 -1.0, 0.10151660828992413 -0.9768453160823531, 0.2232930979489902 -0.9142419114161229, 0.27646311456069506 -0.8430626978915052, 0.34163926395568817 -0.6595403883220089, 0.3793728241317367 -0.48802421115425504, 0.4016699278721291 -0.2976412544980486, 0.4179639652208775 -0.07123990063661371, 0.4153912224816013 0.20661630637514727, 0.40681541335068117 0.5016241311036836, 0.4085305751768652 0.5342122047655569, 0.38194556687101283 0.8163563162065116, 0.32105732204147985 0.8763869782152255, 0.32706038843312396 0.9064023092195823, 0.31591183656292776 0.922696346050519, -0.29211303081931045 0.9244115078221965, -0.3307041719084511 0.8995416621328721, -0.37186805573686776 0.5813791534866891, -0.38130144578087993 0.5359273665372344, -0.4053137113474563 0.16030693853985384, -0.41817742504383654 -0.17157686427974958, -0.39931064495581226 -0.5077485715285468, -0.3752983793892358 -0.6518221603494598, -0.3727256366499598 -0.6595403883220089))"
53e6ab28-057c-489f-9737-db3a5a7a0cbf,cosmetics,#a1998f,"100%
klimaneutralisiert
durch kompensation der co2
emissionen mit zertifizierten
aufforstungsprojekten
nivea
pflegedusche
creme
sensitive
96%
recycelte flasche
ph balance für sensible haut
mit kamillen extrakt
99% biologisch abbaubare formel
250ml",Nivea Pflegedusche Creme Sensitive mit Kamillen Extrakt,"POLYGON((-0.35451235223025734 -0.7523124235715273, -0.2903275297206775 -0.897139710785518, -0.24424611868815865 -0.936638061843879, -0.11340782664939965 -0.9851881183531147, -0.008078887146499314 -1.0, 0.1046559934151987 -0.9868338829805463, 0.2165679916370303 -0.9448668849810375, 0.2717011084080797 -0.8592871243545885, 0.34246898963659084 -0.6807216622782477, 0.3745614008913807 -0.5441231982014156, 0.40253940044683856 -0.33099667894900897, 0.41488263554483484 -0.07837180863824107, 0.41652840022456766 0.09690212418323628, 0.4140597532049683 0.3528185237488675, 0.40007075342723947 0.5091661633548802, 0.38196734195017845 0.8029351493514408, 0.31695963710073205 0.8613597936252667, 0.30050199030340385 0.8885149099778898, 0.11782211085306124 0.9650429651534644, -0.004787357787033679 0.973271788290623, -0.13644853216565908 0.9576370243300217, -0.22861135423069687 0.9247217317813875, -0.26810970654428445 0.894275086173901, -0.27057835356388366 0.8802860868407313, -0.34134623479239484 0.8276216187629165, -0.3750844107269176 0.5453729851583777, -0.37096999902758554 0.5231551626880497, -0.4137598807006388 0.10759959426154242, -0.4211658217594365 -0.22731350742081105, -0.39812511624317704 -0.5679867852991756, -0.35615811690999016 -0.7465522473755162, -0.35451235223025734 -0.7523124235715273))"
7fe72155-d0c2-4ac6-8b21-e0279f28df9a,cosmetics,#a7835f,"loreal
paris
elvital
anti-haarbruch
100%
recyceltes
plastik*
pflegendes
aufbau-shampoo
mit aufbau-ceramid
stärkt und baut auf
brüchiges haar",Loreal Paris Elvital Anti-Haarbruch Pflegendes Aufbau-Shampoo,"POLYGON((-0.23258044952565504 -0.928878896042719, -0.1650604119774394 -0.9900970614743025, -0.004812856196340959 -1, 0.13922989057318574 -0.9675903830068086, 0.2355584774753067 -0.9261780946266198, 0.26256649249459285 -0.842453250727542, 0.28147210300809333 -0.6705022272358878, 0.3156822553658559 -0.38151647571326475, 0.32738572854087983 -0.1285414097386321, 0.3444908047197613 0.19555476019328152, 0.35529401072747574 0.4809394431611056, 0.3615958808986424 0.6348851238787646, 0.36519694956788057 0.8131380173413171, 0.244561149148402 0.8482484357506078, 0.08611412770192277 0.8644532442472034, -0.06513075640608026 0.8626527099698039, -0.18036495382170162 0.8644532442472034, -0.29379861690270387 0.850949237166707, -0.3712215932913244 0.8329438943927118, -0.362218921618229 0.5412573414539895, -0.35861785294899085 0.3936135307072289, -0.33881197526818096 0.06411575794311664, -0.3082028915796565 -0.33740338591697655, -0.26048873171225084 -0.7506260025801663, -0.23348071669296458 -0.9279786289040192, -0.23258044952565504 -0.928878896042719))"
a7c28c19-f273-486f-8a54-5352e7b30699,cosmetics,#bb8278,"budni
budni care
duschgel
kirschblüte
verwöhnende dusche mit floralem duft
mit kirschblüten extrakt
mit
hydro
balance
formel",budni Care Duschgel Kirschblüte,"POLYGON((-0.2046849908203046 0.9521120147501431, -0.3222821001426024 0.4038154925349297, -0.40460007666821085 -0.05187330608897418, -0.43399935399878525 -0.285597560867041, -0.46045870359630225 -0.5781203703062567, -0.4648685951958884 -0.8397739385483692, -0.4545788481301874 -0.9176820234743915, -0.40754000440126825 -0.9617809394702532, -0.3119923530769013 -0.9911802168008277, -0.22232455721864927 -0.9941201445338851, -0.1253069420277536 -1.0, -0.028289326836857944 -0.9853003613347128, 0.05990850515486539 -0.9750106142690117, 0.13487666234783022 -0.9529611562710809, 0.17603565061063445 -0.9397314814723224, 0.252473771670128 -0.6942475157620258, 0.2980426515325184 -0.4928624660475908, 0.3392016397953226 -0.3252865852633165, 0.3788906641915981 -0.08715243888566351, 0.3980001944564715 0.07601355029902465, 0.437689218852747 0.3523667572064244, 0.4714983877829076 0.5758012649187902, 0.490607918047781 0.772776423033639, 0.4964877735138959 0.9447621954174995, 0.35831117006019597 0.9565219063497292, 0.24218402460442695 0.957991870216258, 0.08342792701932494 0.957991870216258, -0.017999579771156887 0.9594618340827867, -0.20615495468683334 0.9594618340827867, -0.2046849908203046 0.9521120147501431))"
b7c63bcb-530c-4f95-914f-b55b21209e11,cosmetics,#92836f,"100%
klimaneutralisiert
durch kompensation der co2
emissionen mit zertifizierten
aufforstungsprojekten
nivea
men
sport
24h fresh effect
vitalisierend +
mineralien
pflegedusche
3 in 1
körper, gesicht & haar
99% biologisch abbaubare formel",Nivea Men Sport Vitalisierend + Mineralien Pflegedusche,"POLYGON((-0.3139579353093133 -0.8872480753912385, -0.2915796900193121 -0.9328652662634856, -0.2588730238262335 -0.9526614056986116, -0.183991972278922 -0.9750396502774498, -0.07812565802237803 -0.9896715794251518, 0.07593995378186075 -1.0, 0.21193082900571397 -0.9922536845688638, 0.28681188055302553 -0.9724575451337378, 0.3238220554557197 -0.9216761439740667, 0.3315683711330279 -0.8760589531018196, 0.3487824059714903 -0.6453908935968723, 0.36685714255187574 -0.4353796752416221, 0.37460345822918395 -0.29680669919573965, 0.37804626519687645 -0.22364705345723032, 0.36943924777764525 -0.1892189848744024, 0.3711606512614915 -0.15823372314985723, 0.37890696693879944 -0.12983056656902428, 0.38579258087418444 -0.10659162027561535, 0.3806283704226457 -0.07474565683649954, 0.37804626519687645 -0.036874781395388884, 0.38751398435803064 -0.002446712812560966, 0.39353889655149266 0.02681714548284284, 0.3883746860999539 0.09653398436306942, 0.39095679132572314 0.13956907009160432, 0.39870310700303135 0.168832928387008, 0.39870310700303135 0.19723608496784106, 0.3918174930676464 0.2454353809838002, 0.39870310700303135 0.3039630975746077, 0.40989222964803185 0.33494835929915273, 0.40989222964803185 0.4218792324707933, 0.41419573835764756 0.5131136142152873, 0.425384861002648 0.6981644828479874, 0.4210813522930325 0.7282890428579618, 0.4202206505511093 0.7937023731653349, 0.42624556274457126 0.8178020211733145, 0.4288276679703405 0.8720262291912685, 0.368578546035722 0.8909616669118238, 0.30230451190764174 0.896125877199248, 0.15340311055494169 0.8944044737701066, 0.026019252750319695 0.8883795617681117, -0.10308600853814856 0.8823546497661169, -0.24682319943930986 0.8823546497661169, -0.3604358293731619 0.8763297377641219, -0.42326705653354973 0.8668620189038443, -0.43875968788816594 0.8470658794687181, -0.43875968788816594 0.78767746116334, -0.4284312669850885 0.7644385148699312, -0.42757056524316533 0.7179606222831134, -0.4361775826623966 0.7024679914208409, -0.424988460017396 0.5096708073570045, -0.4172421443400879 0.3444160781594305, -0.4086351269208567 0.2953560804289007, -0.4043316182112411 0.2437139775546587, -0.4017495129854717 0.21100731240097229, -0.4051923199531642 0.19379327810955832, -0.4086351269208567 0.17657924381814435, -0.39830670601777923 0.1301013512313266, -0.39572460079200983 0.08018065178622609, -0.39572460079200983 0.047473986632539544, -0.38711758337277863 -0.01707864196026281, -0.3853961798889324 -0.07216355169278743, -0.38625688163085553 -0.09970600655904986, -0.3802319694373937 -0.12466635628160005, -0.3793712676954705 -0.1547909162915745, -0.3750677589858549 -0.18835828315983166, -0.37851056595354743 -0.20901512430952834, -0.3647393380827775 -0.40525511523164764, -0.34150039105085317 -0.7021972067585385, -0.3156793387931595 -0.8829445668183851, -0.3139579353093133 -0.8872480753912385))"
dcba8afb-a8c2-4dbb-bd2e-2bf404120321,cosmetics,#966944,"loreal
paris
elvital
öl magique
neu
100%
recyceltes
plastik
nährpflege
spülung
mit 6 kostbaren blütenölen
veredelnde brillanz
und fließende seidigkeit
trockenes haar",Loreal Paris Elvital Öl Magique Nährpflege Spülung,"POLYGON((-0.18585282072090267 0.9267516583366486, -0.08064156633172526 0.9693688753044167, 0.007256443664296393 0.989345695758058, 0.10714054593250281 1.0, 0.1803888875958542 0.9866821196975725, 0.26295974547090484 0.9640417231834457, 0.3242219948620714 0.9334105984878623, 0.3508577554669265 0.9107702019737356, 0.36284384773911127 0.8028953715240726, 0.36284384773911127 0.6657212044090692, 0.36018027167862576 0.4486397554795006, 0.353521331527412 0.19826360579386312, 0.3388716631947417 -0.00017281071230695452, 0.3255537828923142 -0.1693098905531365, 0.2989180222874591 -0.42767676842023045, 0.2816047778943034 -0.5715098756864477, 0.2642915335011476 -0.6980297385595091, 0.25363722925920557 -0.8458582099164547, 0.24831007713823455 -0.8831482747632518, 0.14176703471881438 -0.9270972797612625, 0.05919617684376373 -0.9404151600636901, -0.05533759375711297 -0.9444105241544183, -0.15921706011604764 -0.9390833720334473, -0.2617647384447396 -0.9231019156705342, -0.34966274844076123 -0.9071204593076212, -0.3922799654085293 -0.8911390029447083, -0.3909481773782865 -0.6167906687147012, -0.377630297075859 -0.4236814043295022, -0.356321688591975 -0.1693098905531365, -0.3190316237451779 0.19027287761240663, -0.2910640751100801 0.38071856593712017, -0.2577693743540113 0.5991318028969316, -0.21515215738624324 0.7922410672821306, -0.1965071249628447 0.9294152343971341, -0.18585282072090267 0.9267516583366486))"
da0027f3-38c4-4eaa-b4cf-ce01476762af,cosmetics,#a19c92,"Dove
Pflege
Geheimnisse
0%
Aluminiumsalze
Belebendes
Ritual
48h Deodorant
mit Matcha Grüntee- und
Kirschblütenduft
0% Alkohol
1/4 Pflegecreme",Dove Pflege Geheimnisse 48h Deodorant,"POLYGON((0.01953500407352974 0.9941931337389306, -0.0941136677904945 0.9435904420353255, -0.1438868087528409 0.8573170004422939, -0.16960293158338652 0.7478160938049846, -0.17623935037836605 0.6383151871676752, -0.17706890272773848 0.5960080186941692, -0.2193760725457329 0.5553599548666832, -0.22186472959385023 0.4931435306409393, -0.20527368260640144 0.3396763508841041, -0.21605786314824316 0.14141334568473346, -0.22269428194322266 0.00785542168013641, -0.22601249134071244 -0.20119176371836323, -0.22684204369008487 -0.3604658097362678, -0.23264891013569194 -0.5213989604001923, -0.22352383429259512 -0.8084240641616245, -0.2085918920038912 -0.8640040698032889, -0.12480710471727478 -0.913777209183884, -0.035215450985051286 -0.9320273602901024, 0.06516038328901393 -0.9270500463520428, 0.15143382762374766 -0.893867953431646, 0.18461592159864526 -0.8515607849581401, 0.2028660732848389 -0.64666136117469, 0.20369562563421137 -0.48738731515678557, 0.2128207014773082 -0.3364087923689802, 0.22028667262166016 -0.023667566594240543, 0.2169684632241704 0.26169843252117175, 0.2319004055128743 0.41184740298596717, 0.2460027954522058 0.5130527863931773, 0.22028667262166016 0.5827351815260104, 0.2061842826823287 0.6167468267694172, 0.19871831153797673 0.7751913204643118, 0.18212726455052794 0.8689307329644327, 0.1481156182262579 0.9344653664822165, 0.09502426786642175 0.9709656686946528, 0.016216794676039977 1, 0.01953500407352974 0.9941931337389306))"